Girl.on.a.Bicycle.2013.720p.BluRay.DD5.1.x264-VietHD,544
Jagame.Thandhiram.2021.1080p.NF.WEB-DL.DDP5.1.Atmos.x264-TEPES,21
Jagame.Thandhiram.2021.720p.NF.WEB-DL.DDP5.1.Atmos.x264-TEPES,15
Miami.Vice.2006.Theatrical.720p.BluRay.DD5.1.x264-VietHD,43
El.jugador.de.ajedrez.2017.720p.BluRay.DD5.1.x264-CREATiVE,56
Plimbare.2013.720p.HDTV.DD2.0.x264,38
Carrington.1995.1080p.BluRay.AAC2.0.x264,57
Date.Night.2017.1080p.HDTV.MPA2.0.H.264-MAN,92
In.care.eroina.se.ascunde.si.apoi.are.parte.de.o.intalnire...,64
Dincolo.de.nisipuri.1974.1080i.HDTV.MPA2.0.H.264-Goldies,95
Otto.Barbarul.2020.720p.WEBRip.AAC2.0.x264-gooz,101
Johnny.Dangerously.1984.1080p.AMZN.WEB-DL.DD+2.0.x264-monkee,73
iBOY.2017.1080p.NF.WEB-DL.DDP5.1.x264-RED,99
iBOY.2017.720p.NF.WEB-DL.DDP5.1.x264-RED,106
Rurouni.Kenshin.The.Final.Part.1.2021.1080p.NF.WEB-DL.DDP5...,528
Rurouni.Kenshin.The.Final.Part.1.2021.720p.NF.WEB-DL.DDP5....,315
Fatherhood.2021.1080p.NF.WEB-DL.DDP5.1.Atmos.x264-EVO,408
Fatherhood.2021.720p.WEB-DL.DD+5.1.Atmos.x264-TIMECUT,227
Wise.Guys.1986.1080p.iT.WEB-DL.DD2.0.H.264,128
Godzilla.vs.Kong.2021.1080p.BluRay.DD+7.1.x264-DON,291
Mad.Families.2017.1080p.AMZN.WEB-DL.DDP5.1.H.264-ABM,249
Extremely.Loud.&.Incredibly.Close.2011.1080p.BluRay.DT...,110
Extremely.Loud.&.Incredibly.Close.2011.720p.BluRay.DD5...,112
Au.Nom.De.Ma.Fille.2016.1080p.BluRay.DTS.x264-HR,152
Silver.Skates.2020.1080p.NF.WEB-DL.DDP5.1.x264-playWEB,198
Shot.Caller.2017.1080p.BluRay.DD5.1.x264-TayTO,167
Pitbull.Tough.Women.2016.1080p.BluRay.DTS.x264-FTO,108
Chinmoku.1971.1080p.BluRay.AAC2.0.x264-EA,69
RoboCop.1987.Director's.Cut.1080p.BluRay.DD+5.1.x264-PTer,75
RoboCop.1987.Director's.Cut.720p.BluRay.DD5.1.x264-PTer,63
The.Vault.2021.720p.BluRay.DD5.1.x264-NTb,594
Mulholland.Dr.2001.1080p.BluRay.DD+5.1.x264-ZQ,76
Mulholland.Dr.2001.REPACK.720p.BluRay.DD5.1.x264-DON,85
The.Education.of.Fredrick.Fitzell.2020.720p.BluRay.DD5.1.x...,160
Hornblower.Duty.2003.720p.BluRay.AAC2.0.x264-NTb,193
Hornblower.Loyalty.2003.720p.BluRay.AAC2.0.x264-NTb,179
Hornblower.Retribution.2001.720p.BluRay.AAC2.0.x264-NTb,184
Hornblower.Mutiny.2001.720p.BluRay.AAC2.0.x264-NTb,176
Hornblower.The.Frogs.and.the.Lobsters.1999.720p.BluRay.AAC...,172
Hornblower.The.Duchess.and.The.Devil.1999.720p.BluRay.AAC2...,175
Hornblower.The.Examination.for.Lieutenant.1998.720p.BluRay...,186
Hornblower.The.Even.Chance.1998.720p.BluRay.AAC2.0.x264-NTb,218
The.Education.of.Fredrick.Fitzell.2020.1080p.BluRay.DD5.1....,128
Momentum.2015.720p.BluRay.DTS.x264-CRiME,270
Out.of.the.Furnace.2013.720p.BluRay.DD5.1.x264-EbP,226
Yardie.2018.1080p.BluRay.DTS.x264-LoRD,96
Yardie.2018.720p.BluRay.DD5.1.x264-LoRD,123
Ice.Cold.In.Alex.1958.720p.BluRay.FLAC2.0.x264-NTb,104
Security.2021.1080p.NF.WEB-DL.DDP5.1.x264-CMRG,391
Cet.obscur.objet.du.désir.1977.1080p.BluRay.FLAC1.0.x264-...,70
Cet.obscur.objet.du.désir.1977.Criterion.720p.BluRay.DD1....,102
Aliens.1986.Special.Edition.1080p.BluRay.DTS.x264-Slappy,153
Shooting.Gallery.2005.1080p.AMZN.WEB-DL.DD+5.1.H.264-QOQ,84
Eva.2010.1080p.BluRay.DTS.x264-FGT,92
Gotti.1996.1080p.HDTV.DD2.0.x264-FGT,193
Casa.din.copac.2019.1080p.AMZN.WEB-DL.DDP5.1.H.264-TEPES,185
Shooting.Gallery.2005.720p.AMZN.WEB-DL.DDP5.1.H.264-TEPES,78
Die.Hard.2.1990.720p.BluRay.DD5.1.x264-MX,89
The.Wisdom.of.Trauma.2021.1080p.VMEO.WEB-DL.AAC2.0.x264-SENNA,583
Racer.and.the.Jailbird.2017.1080p.BluRay.DD5.1.x264-HANDJOB,117
Racer.and.the.Jailbird.2017.720p.BluRay.DTS.x264-SABENA,165
The.Future.2011.1080p.AMZN.WEB-DL.DDP5.1.x264-monkee,92
Kazimir.2014.720p.WEB-DL.AAC2.0.x264-gooz,115
Poppy.Field.2020.1080p.WEBRip.AAC2.0.x264,167
Lovind.o.pasare.de.prada.1984.1080p.EVNTBK.WEB-DL.AAC2.0.H...,165
One.Step.Behind.the.Seraphim.2017.1080p.AMZN.WEB-DL.DDP5.1...,149
Noi.Impotriva.Noastra.2020.720p.WEBRip.AAC2.0.x264-gooz,128
The.Body.2001.1080p.AMZN.WEB-DL.DDP2.0.H.264-alfaHD,116
The.Body.2001.720p.AMZN.WEB-DL.DDP2.0.H.264-alfaHD,140
Revolver.2005.UK.Theatrical.Hybrid.720p.BluRay.DD5.1.x264-...,208
I.Dreamed.of.Africa.2000.720p.HDTV.DD5.1.x264-EbP,121
The.Discovery.2017.1080p.NF.WEB-DL.DD5.1.x264-SadeceBluRay-TTG,188
The.Discovery.2017.720p.NF.WEBRip.DD5.1.x264-LowResPeasant...,263
Here.Comes.the.Boom.2012.720p.BluRay.DD5.1.x264-playHD,116
Shade.2003.1080p.BluRay.DD5.1.x264-c0kE,166
Here.Comes.the.Boom.2012.1080p.BluRay.DD5.1.x264-playHD,108
Hasta.el.cielo.2020.1080p.BluRay.DD5.1.x264-playHD,145
Hasta.el.cielo.2020.720p.BluRay.DD5.1.x264-playHD,234
Woman.on.Top.2000.1080p.DSNP.WEB-DL.DDP5.1.H.264-PD,165
New.York.2009.720p.BluRay.DTS.x264-EbP,68
New.York.I.Love.You.2009.720p.BluRay.DTS.x264-EbP,86
Monsters.2010.720p.BluRay.DD5.1.x264-EbP,170
The.Hard.Word.2002.1080p.AMZN.WEB-DL.DDP2.0.H.264-monkee,109
He's.Just.Not.That.Into.You.2009.720p.BluRay.DD5.1.x2...,126
Evil.Dead.2013.720p.BluRay.DTS.x264-CtrlHD,128
Evil.Dead.2013.1080p.BluRay.DTS.x264-DON,90
Passengers.2016.720p.BluRay.DD5.1.x264-KASHMiR,189
Ao.Men.feng.yun.2014.720p.BluRay.DD5.1.x264-iNK,118
Barca.Dreams.2015.720p.BluRay.DTS.x264-HDEX,77
Godzilla.vs.Kong.2021.720p.BluRay.DD5.1.x264-SbR,1790
Way.Down.2021.1080p.BluRay.DD5.1.x264-playHD,1313
Way.Down.2021.720p.BluRay.DD5.1.x264-playHD,1793
Hancock.2008.Unrated.720p.BluRay.DD5.1.x264-playHD,235
Hancock.2008.Unrated.1080p.BluRay.DD5.1.x264-playHD,192
Donnie.Brasco.1997.Extended.Cut.720p.BluRay.DD5.1.x264-VietHD,125
Jack.and.Jill.2011.720p.BluRay.DD5.1.x264-EbP,117
Donnie.Brasco.1997.Theatrical.Cut.1080p.BluRay.DTS.x264-VietHD,121
Donnie.Brasco.1997.Theatrical.Cut.720p.BluRay.DD5.1.x264-V...,106
Kinsey.2004.720p.HDTV.DD2.0.x264-DON,129
Basic.Instinct.1992.Unrated.DC.720p.BluRay.DTS.x264-REPTiLE,159
Colombiana.2011.Unrated.1080p.BluRay.DD5.1.x264-playHD,161
Colombiana.2011.Unrated.720p.BluRay.DD5.1.x264-playHD,215
Per.qualche.dollaro.in.più.1965.Hybrid.Uncut.1080p.BluRay...,115
Chasing.the.Dragon.2017.720p.BluRay.DD5.1.x264-DON,208
American.Splendor.2003.1080p.AMZN.WEB-DL.DD+5.1.H.264-QOQ,84
Payback.1999.Theatrical.Cut.1080p.BluRay.DD5.1.x264-REPTiLE,173
Payback.1999.Theatrical.Cut.720p.BluRay.DD5.1.x264-HDL,190
Chaos.Theory.2008.1080p.AMZN.WEBRip.DD+5.1.H.264-KiNGS,1177
Chaos.Theory.2008.720p.BluRay.DD5.1.x264-PFa,465
Dunston.Checks.In.1996.1080p.AMZN.WEB-DL.DD5.1.x264-ABM,105
The.Courier.2020.1080p.BluRay.DD5.1.x264-playHD,776
Skater.Girl.2021.720p.NF.WEB-DL.DDP5.1.H.264-KHN,140
The.Art.of.Travel.2008.720p.WEBRip.AAC2.0.x264-ASSOCiATE,125
Botched.2007.720p.WEB-DL.DD5.1.H.264,98
Wedding.Crashers.2005.Uncorked.Edition.1080p.BluRay.DD5.1....,141
The.Bone.Collector.1999.1080p.BluRay.DD5.1.x264-HDC,169
The.Bone.Collector.1999.720p.BluRay.DTS.x264-RuDE,136
Basic.Instinct.2.2006.1080p.BluRay.DTS.x264-CtrlHD,164
Basic.Instinct.2.2006.720p.BluRay.DD5.1.x264-CtrlHD,192
Wish.Dragon.2021.720p.WEBRip.DD+5.1.Atmos.H.264-RUMOUR,369
Skater.Girl.2021.1080p.WEBRip.DDP5.1.Atmos.x264-NAISU,97
Wish.Dragon.2021.1080p.WEBRip.DDP5.1.Atmos.x264-RUMOUR,335
Phone.Booth.2002.1080p.BluRay.DTS.x264,218
Godzilla.vs.Kong.2021.1080p.BluRay.DD5.1.x264-playHD,2620
Godzilla.vs.Kong.2021.720p.BluRay.DD5.1.x264-playHD,2289
Born.to.Be.Blue.2015.1080p.BluRay.DTS.x264-HR,102
Born.to.Be.Blue.2015.720p.BluRay.DD5.1.x264-VietHD,107
The.Island.on.Bird.Street.1997.1080p.AMZN.WEB-DL.DD+2.0.H....,119
The.Island.on.Bird.Street.1997.720p.AMZN.WEB-DL.DD+2.0.H.2...,114
A.Night.at.the.Roxbury.1998.720p.BluRay.DD5.1.x264-iFT,102
Willy.Wonka.and.the.Chocolate.Factory.1971.720p.BluRay.DTS...,65
Baggio.The.Divine.Ponytail.2021.1080p.NF.WEB-DL.DDP5.1.x26...,129
Baggio.The.Divine.Ponytail.2021.720p.NF.WEB-DL.DDP5.1.x264-T4H,87
Spiral.2021.720p.WEB-DL.DD+5.1.H.264-RUMOUR,1683
The.Butterfly.Effect.2004.Theatrical.Cut.720p.BluRay.DD5.1...,231
Awake.2021.720p.NF.WEB-DL.DDP5.1.Atmos.x264-MZABI,913
Awake.2021.1080p.NF.WEB-DL.DDP5.1.Atmos.x264-MZABI,854
Entebbe.2018.1080p.BluRay.DTS.x264-DON,294
The.Butterfly.Effect.2004.Theatrical.Cut.1080p.BluRay.DD5....,624
A.Call.to.Spy.2020.1080p.BluRay.DD5.1.x264-playHD,340
A.Call.to.Spy.2020.720p.BluRay.DD5.1.x264-playHD,488
The.Silence.of.the.Lambs.1991.Criterion.720p.BluRay.DD5.1....,116
Flashback.2020.720p.BluRay.DD5.1.x264-iFT,617
Zappa.2020.720p.BluRay.DD5.1.x264-DT,233
This.Means.War.2012.UNRATED.720p.BluRay.DD5.1.x264-ThD,235
Flashback.2020.1080p.BluRay.DD+5.1.x264-iFT,513
The.Break-Up.2006.720p.BluRay.DD5.1.x264-playHD,204
The.Break-Up.2006.1080p.BluRay.DD5.1.x264-playHD,358
Mo.2019.1080p.NF.WEB-DL.DDP5.1.x264-playWEB,375
Lemonade.Mouth.2011.Extended.REPACK.1080p.AMZN.WEB-DL.DDP5...,92
Dumb.and.Dumber.1994.Theatrical.Hybrid.720p.BluRay.DD5.1.x...,53
Dumb.and.Dumber.1994.Unrated.1080p.BluRay.DTS.x264-CtrlHD,130
Dumb.and.Dumber.1994.Unrated.720p.BluRay.DD5.1.x264-HiFi,106
Mirrors.2.2010.720p.BluRay.DD5.1.x264-DON,142
Criminal.2016.REPACK.720p.BluRay.DD5.1.x264-SbR,276
Criminal.2016.1080p.BluRay.DTS.x264-HR,135
The.Last.Exorcism.2010.1080p.BluRay.DTS.x264-SbR,130
Jessabelle.2014.720p.BluRay.DD5.1.x264-EbP,133
The.Stylist.2020.1080p.BluRay.DD+5.1.x264-iFT,137
The.Stylist.2020.720p.BluRay.DD5.1.x264-iFT,161
Flags.of.Our.Fathers.2006.720p.BluRay.DD5.1.x264-CRiSC,148
The.Kid.Detective.2020.1080p.BluRay.DD5.1.x264-playHD,496
The.Kid.Detective.2020.720p.BluRay.DD5.1.x264-playHD,413
All.My.Life.2020.BluRay.1080p.DD+5.1.x264-SbR,228
All.My.Life.2020.720p.BluRay.DD5.1.x264-DON,378
The.Fault.in.Our.Stars.2014.Extended.1080p.BluRay.DTS.x264...,100
Planet.Terror.2007.720p.BluRay.DTS.x264-DON,156
The.Tuxedo.2002.720p.BluRay.DD5.1.x264-iFT,132
The.Last.Samurai.2003.1080p.HDDVD.DD5.1.x264-Z-XCV,189
The.Last.Samurai.2003.720p.HDDVD.DD5.1.x264-Z-XCV,183
The.Verdict.1982.720p.BluRay.FLAC.1.0.x264-DON,114
The.Godfather.Part.II.1974.720p.WEBRip.AAC5.1.x264-NTb,140
The.Godfather.1972.720p.WEBRip.AAC5.1.x264-VietHD,168
Rango.2011.Extended.1080p.BluRay.DD5.1.x264-playHD,155
Rango.2011.Extended.720p.BluRay.DD5.1.x264-playHD,135
Ying.xiong.2002.Director's.Cut.1080p.BluRay.DTS-ES6.1...,112
Kate.and.Leopold.2001.DC.REPACK.720p.BluRay.DD5.1.x264-EbP,133
The.Courier.2020.720p.BluRay.DD5.1.x264-playHD,1040
Sex.And.Lucia.2001.720p.BluRay.DTS.x264-iNFLiKTED,422
Asterix.&.Obelix.Mission.Cleopatra.2002.720p.BluRay.DT...,344
Serendipity.2001.720p.BluRay.DD5.1.x264-CtrlHD,163
Venga.A.Fare.Il.Soldato.Da.Noi.1971.1080p.NF.WEB-DL.DDP2.0...,128
Se.Lo.Scopre.Gargiulo.1988.1080p.NF.WEB-DL.DDP2.0.x264-playWEB,126
An.Ideal.Adventure.1982.1080p.NF.WEB-DL.DDP2.0.x264-playWEB,133
The.51st.State.2001.720p.HDTV.DD5.1.x264-DON,259
Starblack.1966.1080p.NF.WEB-DL.DDP2.0.x264-playWEB,157
Mommie.Dearest.1981.720p.BluRay.DD+5.1.x264-playHD,148
Overboard.1987.720p.BluRay.AAC2.0.x264-DON,334
S.W.A.T.2003.1080p.BluRay.DTS.x264-LoNeWolf,229
The.Iron.Giant.1999.Signature.Edition.720p.BluRay.DTS.x264...,195
The.Grey.Zone.2001.720p.BluRay.DD5.1.x264-VietHD,254
Kiss.of.the.Dragon.2001.1080p.BluRay.DTS.x264-HDV,220
Breaking.Boundaries.The.Science.Of.Our.Planet.2021.1080p.N...,404
Ying.xiong.2002.Director's.Cut.720p.BluRay.DD5.1.x264...,179
Black.Cat.White.Cat.1998.720p.AMZN.WEB-DL.DDP5.1.H.264-AJP69,359
The.Final.Countdown.1980.1080p.BluRay.DD+7.1.x264-iFT,224
Dancing.Queens.2021.720p.NF.WEB-DL.DDP5.1.x264-T4H,95
Dancing.Queens.2021.1080p.NF.WEB-DL.DDP5.1.x264-T4H,89
Rat.Race.2001.REPACK.1080p.BluRay.DD+5.1.x264-iFT,183
Xtreme.2021.1080p.NF.WEB-DL.DDP5.1.x264-T4H,1066
The.School.of.Rock.2003.1080p.BluRay.DD+5.1.x264-DON,105
Barfly.1987.720p.BluRay.FLAC2.0.x264-CRiSC,206
Lord.of.Illusions.1995.DC.1080p.BluRay.DTS.x264-SbR,117
Lord.of.Illusions.1995.DC.720p.BluRay.DD5.1.x264-antsy,112
Moulin.Rouge!.2001.1080p.BluRay.DTS.x264-PiPicK,128
Eyes.Wide.Shut.1999.1080p.BluRay.DD5.1.x264-CtrlHD,193
Struck.by.Lightning.2012.720p.BluRay.DD5.1.x264-EbP,128
Rat.Race.2001.720p.BluRay.DD5.1.x264-iFT,434
Sound.of.Metal.2019.720p.BluRay.DD5.1.x264-iFT,411
A.Night.at.the.Roxbury.1998.1080p.BluRay.DD+5.1.x264-iFT,187
Sound.of.Metal.2019.1080p.BluRay.DD+5.1.x264-iFT,269
The.Priest.2021.720p.AMZN.WEB-DL.DDP5.1.H.264-Invictus,167
The.Priest.2021.1080p.AMZN.WEB-DL.DDP5.1.H.264-Invictus,93
Black.Holes.the.Edge.of.All.We.Know.2021.1080p.NF.WEB-DL.D...,494
Black.Holes.the.Edge.of.All.We.Know.2021.720p.NF.WEB-DL.DD...,311
Carnaval.2021.720p.WEBRip.DDP5.1.Atmos.x264-RUMOUR,397
Carnaval.2021.1080p.WEBRip.DDP5.1.Atmos.x264-RUMOUR,243
Tom.And.Jerry.2021.720p.BluRay.DD5.1.x264-playHD,1699
Tom.And.Jerry.2021.1080p.BluRay.DD5.1.x264-playHD,1099
The.Last.Castle.2001.720p.BluRay.DD5.1.x264-iFT,337
Bara.en.mor.1949.1080p.NF.WEB-DL.DDP2.0.x264-PAAI,84
Get.Rich.Or.Die.Tryin.2005.1080p.BluRay.DD+5.1.x264-iFT,187
Mission.Impossible.1996.720p.BluRay.DD5.1.x264-NTb,119
Mission.Impossible.1996.1080p.BluRay.DD5.1.x264-NTb,104
The.Tuxedo.2002.1080p.BluRay.DD+5.1.x264-iFT,163
The.Legend.Of.Bagger.Vance.2000.720p.BluRay.DD5.1.x264-NTb,267
The.Last.Castle.2001.1080p.BluRay.DD+5.1.x264-iFT,215
The.Legend.of.Bagger.Vance.2000.1080p.BluRay.DD+5.1.x264-iFT,151
A.Walk.To.Remember.2002.720p.BluRay.DD5.1.x264-playHD,185
A.Walk.To.Remember.2002.1080p.BluRay.DD5.1.x264-playHD,349
The.Courier.2020.1080p.BluRay.DD+5.1.x264-DON,1503
The.Courier.2020.720p.BluRay.DD5.1.x264-iFT,2408
Bo.Burnham.Inside.2021.720p.NF.WEB-DL.DDP5.1.H.264-NTb,466
Bo.Burnham.Inside.2021.1080p.NF.WEB-DL.DDP5.1.H.264-NTb,493
The.Last.Song.2010.720p.BluRay.DD5.1.x264-playHD,181
The.Last.Song.2010.1080p.BluRay.DD5.1.x264-playHD,111
Minari.2020.1080p.BluRay.DD5.1.x264-playHD,289
Basic.Instinct.1992.Unrated.DC.1080p.BluRay.DD5.1.x264-playHD,373
Basic.Instinct.1992.Unrated.DC.720p.BluRay.DD5.1.x264-playHD,323
Zack.Snyders.Justice.League.2021.1080p.BluRay.DD+7.1.x264-...,1144
Take.Me.Home.Tonight.2011.1080p.BluRay.DD5.1.x264-playHD,339
Take.Me.Home.Tonight.2011.720p.BluRay.DD5.1.x264-playHD,325
Blue.Miracle.2021.1080p.NF.WEBRip.DDP5.1.Atmos.x264-TEPES,1544
Jacob's.Ladder.1990.720p.BluRay.DD5.1.x264-playHD,175
Jacob's.Ladder.1990.1080p.BluRay.DD5.1.x264-playHD,114
Wild.Mountain.Thyme.2020.720p.BluRay.DD5.1.x264-playHD,902
Wild.Mountain.Thyme.2020.1080p.BluRay.DD5.1.x264-playHD,418
You.Belong.to.Me.2021.1080p.BluRay.DD5.1.x264-playHD,890
You.Belong.to.Me.2021.720p.BluRay.DD5.1.x264-playHD,1166
Salt.2010.Directors.Cut.1080p.BluRay.DD5.1.x264-playHD,290
Salt.2010.Directors.Cut.720p.BluRay.DD5.1.x264-playHD,383
The.Girl.on.the.Train.2016.Hybrid.1080p.BluRay.DD5.1.x264-SA89,319
Take.Me.Home.Tonight.2011.1080p.BluRay.DTS.x264-CHD,213
Bronx.2020.720p.BluRay.DD5.1.x264-playHD,1334
Bronx.2020.1080p.BluRay.DD5.1.x264-playHD,466
No.Strings.Attached.2011.1080p.BluRay.DTS.x264-CtrlHD,981
The.Girl.with.the.Dragon.Tattoo.2011.720p.BluRay.DD5.1.x26...,478
The.Girl.with.the.Dragon.Tattoo.2011.1080p.BluRay.DD5.1.x2...,329
Son.2021.720p.BluRay.DD5.1.x264-iFT,598
Army.of.the.Dead.2021.720p.NF.WEBRip.DDP5.1.Atmos.x264-TOMMY,3752
13.Hours.The.Secret.Soldiers.of.Benghazi.2016.1080p.BluRay...,340
13.Hours.The.Secret.Soldiers.of.Benghazi.2016.720p.BluRay....,459
Army.of.the.Dead.2021.1080p.NF.WEBRip.DDP5.1.Atmos.x264-TOMMY,2607
Son.2021.1080p.BluRay.DD5.1.x264-playHD,386
Son.2021.720p.BluRay.DD5.1.x264-playHD,332
Minari.2020.720p.BluRay.DD5.1.x264-playHD,357
El.orfanato.2007.720p.BluRay.DD5.1.x264-playHD,152
Shooter.2007.REPACK.720p.HDDVD.DD5.1.x264-playHD,278
Shooter.2007.REPACK.1080p.HDDVD.DD5.1.x264-playHD,154
Son.2021.1080p.BluRay.DD+5.1.x264-iFT,191
She's.Out.Of.My.League.2010.1080p.BluRay.DD5.1.x264-p...,320
She's.Out.Of.My.League.2010.720p.BluRay.DD5.1.x264-playHD,332
El.orfanato.2007.1080p.BluRay.DD5.1.x264-playHD,132
Minari.2020.1080p.BluRay.DD+5.1.x264-VietHD,222
Lovely.Molly.2011.720p.BluRay.DTS.x264-AXED,146
Sharpay's.Fabulous.Adventure.2011.1080p.BluRay.DTS.x2...,70
Sharpay's.Fabulous.Adventure.2011.720p.BluRay.DTS.x26...,67
Pulse.2.Afterlife.2008.1080p.AMZN.WEB-DL.DDP5.1.x264-NTG,119
Pulse.2.Afterlife.2008.720p.AMZN.WEB-DL.DDP5.1.x264-NTG,139
Zack.Snyders.Justice.League.2021.720p.BluRay.DD5.1.x264-iFT,1961
The.Father.2020.1080p.BluRay.DD5.1.x264-playHD,1326
The.Father.2020.720p.BluRay.DD5.1.x264-playHD,1374
He.Knows.You're.Alone.1980.1080p.BluRay.FLAC2.0.x264-MaG,67
Land.2021.720p.BluRay.DD5.1.x264-playHD,689
Once.2007.720p.BluRay.DTS.x264-CtrlHD,149
52.Pick.Up.1986.720p.BluRay.FLAC2.0.x264-VietHD,168
Money.1983.720p.BluRay.AAC1.0.x264-MandR,174
Land.2021.1080p.BluRay.DD5.1.x264-playHD,411
The.Sunchaser.1996.1080p.AMZN.WEB-DL.DD2.0.x264-monkee,110
2.Coelhos.2012.720p.BluRay.DTS.x264-HDChina,197
Mobsters.1991.1080p.BluRay.DD5.1.x264-GeneMige,195
Above.Suspicion.2019.REPACK.1080p.BluRay.DD+5.1.x264-iFT,163
Above.Suspicion.2019.REPACK.720p.BluRay.DD5.1.x264-iFT,328
Every.Breath.You.Take.2021.720p.BluRay.DD5.1.x264-NTb,1370
High.Hopes.1988.1080p.BluRay.FLAC2.0.x264-EA,108
The.Words.2012.Theatrical.1080p.BluRay.DD5.1.x264-playHD,183
The.Words.2012.Theatrical.720p.BluRay.DD5.1.x264-playHD,216
Eu.sunt.eu.2008.DVDRip.DD2.0.x264,224
The.Lucky.One.2012.1080p.BluRay.DTS.x264-LEGi0N,210
Only.You.1994.1080p.AMZN.WEB-DL.DD+2.0.H.264-alfaHD,168
Cake.2014.720p.BluRay.DD5.1.x264-k4n0,137
Blood.Diamond.2006.1080p.BluRay.DTS.x264-HiDt,247
The.Last.Vermeer.2019.1080p.BluRay.DD5.1.x264-playHD,231
Escape.Plan.2013.1080p.BluRay.DD5.1.x264-playHD,256
Escape.Plan.2013.720p.BluRay.DD5.1.x264-playHD,294
The.Last.Vermeer.2019.720p.BluRay.DD5.1.x264-playHD,336
Iverson.2014.1080p.AMZN.WEB-DL.DDP2.0.H.264-MeLON,169
Minari.2020.720p.BluRay.DD5.1.x264-DON,389
Novitiate.2017.720p.BluRay.DD5.1.x264-NTb,164
Bounce.2000.720p.BluRay.DD5.1.x264-NTb,143
Chaos.Walking.2021.1080p.BluRay.DD+7.1.x264-iFT,2727
Chaos.Walking.2021.720p.BluRay.DD-EX.5.1.x264-iFT,4191
Never.Let.Me.Go.2010.1080p.BluRay.DD5.1.x264-playHD,170
Never.Let.Me.Go.2010.720p.BluRay.DD5.1.x264-playHD,203
Jonathan.Livingston.Seagull.1973.1080p.BluRay.FLAC2.0.x264...,68
Jonathan.Livingston.Seagull.1973.720p.BluRay.AAC2.0.x264-H...,71
The.Devil.Wears.Prada.2006.1080p.BluRay.DTS.x264-DON,170
Taking.Lives.2004.Unrated.DC.720p.BluRay.DD5.1.x264-playHD,290
Taking.Lives.2004.Unrated.DC.1080p.BluRay.DD5.1.x264-playHD,174
Shelter.2010.1080p.BluRay.DTS.x264-EDPH,158
La.Habitación.De.Fermat.2007.720p.BluRay.DD5.1.x264-CtrlHD,234
Saw.2004.Director's.Cut.1080p.BluRay.DD+7.1.x264-iFT,114
Saw.2004.Director's.Cut.720p.BluRay.DD5.1.x264-iFT,145
Level.16.2018.REPACK.1080p.BluRay.DTS.x264-Gyroscope,221
The.Father.2020.1080p.BluRay.DD+5.1.x264-SbR,1286
A.Little.Chaos.2014.1080p.BluRay.DD5.1.x264-playHD,183
A.Little.Chaos.2014.720p.BluRay.DD5.1.x264-playHD,196
The.Glory.Guys.1965.1080p.BluRay.FLAC2.0.x264-SADPANDA,104
The.Glory.Guys.1965.720p.BluRay.FLAC2.0.x264-SADPANDA,129
Brother.Bear.2.2006.1080p.BluRay.DTS.x264-Skazhutin,184
Zoolander.2001.1080p.BluRay.DD5.1.x264-EbP,100
ABCs.of.Death.2.2014.720p.BluRay.DTS.x264-PFa,136
Raya.and.the.Last.Dragon.2021.720p.BluRay.DD5.1.x264-playHD,3441
Possession.2002.1080p.AMZN.WEB-DL.DD+5.1.H.264-monkee,213
Dark.Web.Cicada.3301.2021.REPACK.1080p.BluRay.DD+5.1.x264-iFT,1065
Dark.Web.Cicada.3301.2021.720p.BluRay.DD5.1.x264-iFT,2375
The.Father.2020.720p.BluRay.DD5.1.x264-NTb,1461
Wild.Mountain.Thyme.2020.1080p.BluRay.DD+5.1.x264-iFT,533
Wild.Mountain.Thyme.2020.720p.BluRay.DD5.1.x264-iFT,821
Definitely,Maybe.2008.720p.BluRay.DD5.1.x264-playHD,248
Definitely,Maybe.2008.1080p.BluRay.DD5.1.x264-playHD,167
The.Woman.in.the.Window.2021.1080p.NF.WEBRip.DDP5.1.Atmos....,994
The.Woman.in.the.Window.2021.720p.NF.WEBRip.DDP5.1.Atmos.x...,1300
Somewhere.Amazing.2015.1080p.NF.WEB-DL.DDP5.1.x264-TEPES,75
Duisburg.2019.1080p.NF.WEB-DL.DDP5.1.x264-TEPES,203
The.Ploy.2016.1080p.NF.WEB-DL.DDP5.1.x264-TEPES,78
The.Ploy.2016.720p.NF.WEB-DL.DDP5.1.x264-TEPES,54
Jerichow.2008.1080p.AMZN.WEB-DL.DDP2.0.H.264-TEPES,93
Jerichow.2008.720p.AMZN.WEB-DL.DDP2.0.H.264-TEPES,83
Errementari.2017.1080p.BluRay.DTS.x264-Tron,173
Errementari.2017.720p.BluRay.DD5.1.x264-HANDJOB,253
Lion.2016.REPACK.1080p.BluRay.DD5.1.x264-DON,187
Lion.2016.REPACK.720p.BluRay.DD5.1.x264-ZQ,227
Little.Woods.2018.1080p.AMZN.WEB-DL.DDP5.1.H.264-NTG,151
Little.Woods.2018.720p.AMZN.WEB-DL.DDP5.1.H.264-NTG,134
Das.schaurige.Haus.2020.1080p.NF.WEB-DL.DDP5.1.x264-MZABI,106
Das.schaurige.Haus.2020.720p.NF.WEB-DL.DDP5.1.x264-MZABI,114
Paradox.2018.1080p.NF.WEB-DL.DD5.1.x264-NTG,35
Paradox.2018.720p.NF.WEB-DL.DD5.1.x264-NTG,23
Ferry.2021.1080p.NF.WEB-DL.DDP5.1.x264-MZABI,597
I.Am.All.Girls.2021.720p.NF.WEB-DL.DDP5.1.x264-MZABI,477
Ferry.2021.720p.NF.WEB-DL.DDP5.1.x264-MZABI,385
I.Am.All.Girls.2021.1080p.NF.WEB-DL.DDP5.1.x264-MZABI,355
Scarecrows.1988.1080p.BluRay.DTS.x264-Ivandro,113
Little.2019.720p.BluRay.DD5.1.x264-iFT,287
Little.2019.1080p.BluRay.DTS.x264-iFT,159
Wander.2020.1080p.BluRay.DD5.1.x264-playHD,596
Wander.2020.720p.BluRay.DD5.1.x264-playHD,859
Love.Me.If.You.Dare.2003.720p.BluRay.DD5.1.x264-MI,238
Boy.Meets.Gun.2019.1080p.HBO.WEB-DL.AAC2.0.H.264-playWEB,231
Valan.2019.1080p.HBO.WEB-DL.AAC2.0.H.264-playWEB,426
Oxygen.2021.1080p.NF.WEBRip.DDP5.1.x264-TOMMY,772
Holy.Father.2020.1080p.HBO.WEB-DL.AAC2.0.H.264-playWEB,441
Justice.Society.World.War.II.2021.1080p.BluRay.DD5.1.x264-...,627
Man.on.a.Ledge.2012.720p.BluRay.DD5.1.x264-playHD,426
Man.on.a.Ledge.2012.1080p.BluRay.DD5.1.x264-playHD,970
Oxygen.2021.720p.NF.WEBRip.DDP5.1.Atmos.x264-TOMMY,1034
My.PS.Partner.2012.1080p.BluRay.DD+5.1.x264-Q0S,162
The.Extra.Man.2010.1080p.BluRay.DTS.x264-BRMP,122
El.baile.de.los.41.2020.1080p.NF.WEB-DL.DDP5.1.x264-MZABI,146
El.baile.de.los.41.2020.720p.NF.WEB-DL.DDP5.1.x264-MZABI,89
Raya.and.the.Last.Dragon.2021.1080p.BluRay.DD+7.1.x264-SbR,2501
Shrek.2001.1080p.UHD.BluRay.DD+7.1.HDR.x265-Gyroscope,215
Wander.2020.720p.BluRay.DD5.1.x264-NTb,734
Running.on.Empty.1988.720p.BluRay.AAC2.0.x264-playHD,111
Capturing.Mary.2007.1080p.AMZN.WEB-DL.DDP2.0.H.264-TEPES,106
Død.Snø.2009.720p.BluRay.DD5.1.x264-playHD,121
Død.Snø.2009.1080p.BluRay.DD5.1.x264-playHD,82
Illegal.Woman.2020.720p.NF.WEB-DL.DDP5.1.x264-3cTWeB,161
Illegal.Woman.2020.1080p.NF.WEB-DL.DDP5.1.x264-3cTWeB,129
The.Last.Vermeer.2019.1080p.BluRay.DD+5.1.x264-iFT,242
Raya.and.the.Last.Dragon.2021.720p.BluRay.DD5.1.x264-Chotab,1715
The.Last.Vermeer.2019.720p.BluRay.DD5.1.x264-iFT,329
Mission.Impossible.1996.1080p.BluRay.DD5.1.x264-playHD,121
Mission.Impossible.1996.720p.BluRay.DD5.1.x264-playHD,119
Sometimes.in.April.2005.1080p.AMZN.WEB-DL.DD+2.0.H.264-AJP69,112
Sometimes.in.April.2005.720p.HDTV.DD5.1.x264-NiX,177
Fukushima.50.2020.720p.BluRay.DD5.1.x264-playHD,844
A.Dog.Year.2009.1080p.HDTV.DD+5.1.H.264-UKDHD,124
A.Dog.Year.2009.720p.HDTV.DD2.0.x264-SQUEAK,110
Dead.Mine.2012.1080p.BluRay.DTS.x264-ROVERS,146
Dead.Mine.2012.720p.BluRay.DTS.x264-ROVERS,147
The.War.Below.2020.720p.BluRay.DD5.1.x264-PTer,703
Dorogie.tovarishchi.2020.1080p.WEB-DL.DD5.1.H.264,361
Blackbird.2020.1080p.BluRay.DD+5.1.x264-iFT,216
Blackbird.2020.720p.BluRay.DD5.1.x264-iFT,361
Fukushima.50.2020.1080p.BluRay.DD5.1.x264-playHD,529
Autsajder.2018.1080p.NF.WEB-DL.DDP5.1.x264-TEPES,73
The.Mirror.Has.Two.Faces.1996.1080p.AMZN.WEB-DL.DD+2.0.x26...,89
Land.2021.720p.BluRay.DD5.1.x264-iFT,935
Dragonheart.A.New.Beginning.2000.1080p.BluRay.FLAC2.0.x264...,78
Dragonheart.A.New.Beginning.2000.720p.BluRay.FLAC2.0.x264-...,94
The.Recruit.2003.1080p.BluRay.DD5.1.x264-playHD,192
The.Recruit.2003.720p.BluRay.DD5.1.x264-playHD,247
Land.2021.1080p.BluRay.DD+5.1.x264-iFT,500
United.States.Secret.Service.on.the.Front.Line.2018.1080i....,355
Parking.2019.1080p.NF.WEB-DL.DDP5.1.x264-playWEB,233
PhoeniXXX.2017.1080p.WEB-DL.AAC2.0.H.264,818
Lone.Wolves.2019.1080p.HBO.WEB-DL.AAC2.0.H.264-playWEB,215
Fantozzi.subisce.ancora.1983.1080p.WEB-DL.DD+2.0.H.264,233
Felon.2008.1080p.BluRay.DTS.x264-iLL,143
Felon.2008.720p.BluRay.DTS.x264-ESiR,163
The.Yellow.Rolls-Royce.1964.1080p.WEB-DL.DD+2.0.H.264-SbR,166
Wreck-It.Ralph.2012.1080p.BluRay.DTS.x264-Skazhutin,76
Men.in.Black.1997.1080p.BluRay.DD5.1.x264-playHD,120
The.Dry.2020.1080p.BluRay.DD+5.1.x264-iFT,1088
The.Dry.2020.720p.BluRay.DD5.1.x264-iFT,1768
Men.in.Black.1997.720p.BluRay.DD5.1.x264-playHD,202
Spread.2009.1080p.BluRay.DD+7.1.x264-EA,250
Wonderland.2003.720p.BluRay.DTS.x264-DON,198
The.Ides.of.March.2011.720p.BluRay.DD5.1.x264-DON,223
Changing.Lanes.2002.720p.BluRay.DD5.1.x264-RuDE,319
Kizzu.ritân.1996.1080p.BluRay.FLAC2.0.x264-EA,95
Before.Sunrise.1995.720p.BluRay.AAC2.0.x264-playHD,196
Valkyrie.2008.Hybrid.1080p.BluRay.DTS.x264-VietHD,228
Valkyrie.2008.Hybrid.720p.BluRay.DTS.x264-VietHD,183
Nine.Half.Weeks.1986.1080p.BluRay.DD5.1.x264-NTb,171
Mission.Impossible.Ghost.Protocol.2011.1080p.BluRay.DD5.1....,172
Mission.Impossible.Ghost.Protocol.2011.720p.BluRay.DD5.1.x...,212
Super.Me.2019.1080p.NF.WEB-DL.DDP5.1.x264-TEPES,242
Super.Me.2019.720p.NF.WEB-DL.DDP5.1.x264-TEPES,145
Before.Sunrise.1995.1080p.BluRay.AAC2.0.x264-playHD,166
The.Cowboys.1972.720p.BluRay.DD5.1.x264-SK,288
Before.I.Go.To.Sleep.2014.1080p.BluRay.DD5.1.x264-playHD,169
Before.I.Go.To.Sleep.2014.720p.BluRay.DD5.1.x264-playHD,235
Judas.and.the.Black.Messiah.2021.1080p.BluRay.DD5.1.x264-p...,485
Crisis.2021.720p.BluRay.DD5.1.x264-playHD,2118
Flight.2012.720p.BluRay.DD5.1.x264-playHD,329
Flight.2012.1080p.BluRay.DD5.1.x264-playHD,200
Scooby-Doo!.Camp.Scare.2010.1080p.BluRay.DD5.1.x264,132
Bandits.2001.720p.BluRay.DD5.1.x264-EbP,267
Bandits.2001.1080p.BluRay.DD5.1.x264-EbP,171
Date.Night.2010.720p.BluRay.DD5.1.x264-EbP,282
Secrets.&.Lies.1996.REPACK.1080p.BluRay.FLAC2.0.x264-EA,73
Ghost.1990.1080p.BluRay.DD5.1.x264-playHD,143
Milestone.2021.720p.NF.WEB-DL.DDP5.1.Atmos.x264-TEPES,188
Milestone.2020.1080p.NF.WEB-DL.DDP5.1.Atmos.x264-TEPES,140
Riding.in.Cars.with.Boys.2001.720p.BluRay.DD5.1.x264-NTb,119
Monster.2021.1080p.NF.WEB-DL.DDP5.1.x264-TOMMY,346
Monster.2021.720p.NF.WEB-DL.DDP5.1.x264-TOMMY,289
Ghost.1990.720p.BluRay.DD5.1.x264-playHD,117
Riding.in.Cars.with.Boys.2001.1080p.BluRay.DD5.1.x264-NTb,90
Pesti.balhé.2020.1080p.HBO.WEB-DL.AAC2.0.H.264-playWEB,298
1982.2019.1080p.HBO.WEB-DL.AAC2.0.H.264-playWEB,137
Zimnicea.2020.1080p.HBO.WEB-DL.AAC2.0.H.264-playWEB,953
Crisis.2021.720p.BluRay.DD5.1.x264-iFT,985
If.Looks.Could.Kill.1991.WEB-DL.DD2.0.x264,140
Judas.and.the.Black.Messiah.2021.720p.BluRay.DD5.1.x264-playHD,484
Juno.2007.1080p.BluRay.DD5.1.x264-playHD,104
Crisis.2021.1080p.BluRay.DD+5.1.x264-iFT,1364
Blithe.Spirit.2020.720p.BluRay.DD5.1.x264-DON,582
Juno.2007.720p.BluRay.DD5.1.x264-playHD,156
Secrets.and.Lies.1996.720p.BluRay.FLAC2.0.x264-NTb,115
The.Mauritanian.2021.1080p.BluRay.DD5.1.x264-playHD,1054
Class.Action.1991.720p.BluRay.FLAC2.0.x264-NTb,219
The.Mauritanian.2021.720p.BluRay.DD5.1.x264-playHD,1268
The.Marksman.2021.720p.BluRay.DD5.1.x264-playHD,4824
The.Drop.2014.1080p.BluRay.DD5.1.x264-playHD,360
The.Drop.2014.720p.BluRay.DD5.1.x264-playHD,430
29th.Street.1991.1080p.HDTV.DD2.0.x264,194
Dragonheart.1996.1080p.BluRay.DD+7.1.x264-NTb,132
Soul.2020.REPACK.1080p.BluRay.DD+7.1.x264-SbR,970
Blithe.Spirit.2020.1080p.BluRay.DD+5.1.x264-iFT,883
S.A.S.Red.Notice.2021.720p.BluRay.DD5.1.x264-iFT,1930
Hit.and.Run.2012.720p.BluRay.DD5.1.x264-playHD,378
Need.for.Speed.2014.1080p.BluRay.DTS.x264-TayTO,1310
Hit.and.Run.2012.1080p.BluRay.DD5.1.x264-playHD,197
Speed.1994.1080p.BluRay.DD5.1.x264-NTb,231
The.Mauritanian.2021.720p.BluRay.DD5.1.x264-NTb,1892
S.A.S.Red.Notice.2021.1080p.BluRay.DD+5.1.x264-iFT,795
Parker.2013.720p.BluRay.DD5.1.x264-playHD,353
Parker.2013.1080p.BluRay.DD5.1.x264-playHD,219
L'économie.du.couple.2016.1080p.BluRay.DD5.1.x264-Em...,169
SAS.Red.Notice.2021.720p.BluRay.DD5.1.x264-playHD,1788
The.Mauritanian.2021.1080p.BluRay.DD+5.1.x264-iFT,936
Oranges.and.Sunshine.2010.720p.BluRay.DTS.x264-SbR,213
Pisica.Verde.2019.1080p.AMZN.WEB-DL.DDP2.0.H.264-DREAMCATCHER,249
Pisica.Verde.2019.720p.AMZN.WEB-DL.DDP2.0.H.264-DREAMCATCHER,210
The.Little.Things.2021.1080p.BluRay.DD.5.1.x264-playHD,2205
La.ceremonie.1995.720p.BluRay.AAC2.0.x264-CALiGARi,205
